{
  "project_info": {
    "project_number": "524322854601",
    "project_id": "capital-water-supply",
    "storage_bucket": "capital-water-supply.appspot.com"
  },
  "client": [
    {
      "client_info": {
        "mobilesdk_app_id": "1:524322854601:android:a05f3b93fa142b70141f18",
        "android_client_info": {
          "package_name": "com.hutechnologies.capitalwatersupplyadmin"
        }
      },
      "oauth_client": [
        {
          "client_id": "524322854601-1mv8tn6c1dtafbqt8mthvflkithefa6b.apps.googleusercontent.com",
          "client_type": 3
        }
      ],
      "api_key": [
        {
          "current_key": "AIzaSyCPHTnjg8Y-13VG587_HwTv9wIhZMlEmSw"
        }
      ],
      "services": {
        "appinvite_service": {
          "other_platform_oauth_client": [
            {
              "client_id": "524322854601-1mv8tn6c1dtafbqt8mthvflkithefa6b.apps.googleusercontent.com",
              "client_type": 3
            }
          ]
        }
      }
    }
  ],
  "configuration_version": "1"
}